﻿<?xml version="1.0" encoding="utf-8" ?>
<Customers>
  <Customer>
    <CustomerID>1001</CustomerID>
    <CustomerName> jhon</CustomerName>
    <CustomerCity>BGL</CustomerCity>
  </Customer>

  <Customer>
    <CustomerID>1002</CustomerID>
    <CustomerName>gopi</CustomerName>
    <CustomerCity>TNL</CustomerCity>
  </Customer>

  <Customer>
    <CustomerID>1003</CustomerID>
    <CustomerName>vinay</CustomerName>
    <CustomerCity>vjwd</CustomerCity>
  </Customer>


  <Customer>
    <CustomerID>1004</CustomerID>
    <CustomerName>sriker</CustomerName>
    <CustomerCity>hyd</CustomerCity>
  </Customer>

</Customers>
